-- MySQL dump 10.13  Distrib 5.7.24, for osx11.1 (x86_64)
--
-- Host: 127.0.0.1    Database: appointment_system
-- ------------------------------------------------------
-- Server version	8.0.40

/*!40101 SET @OLD_CHARACTER_SET_CLIENT=@@CHARACTER_SET_CLIENT */;
/*!40101 SET @OLD_CHARACTER_SET_RESULTS=@@CHARACTER_SET_RESULTS */;
/*!40101 SET @OLD_COLLATION_CONNECTION=@@COLLATION_CONNECTION */;
/*!40101 SET NAMES utf8 */;
/*!40103 SET @OLD_TIME_ZONE=@@TIME_ZONE */;
/*!40103 SET TIME_ZONE='+00:00' */;
/*!40014 SET @OLD_UNIQUE_CHECKS=@@UNIQUE_CHECKS, UNIQUE_CHECKS=0 */;
/*!40014 SET @OLD_FOREIGN_KEY_CHECKS=@@FOREIGN_KEY_CHECKS, FOREIGN_KEY_CHECKS=0 */;
/*!40101 SET @OLD_SQL_MODE=@@SQL_MODE, SQL_MODE='NO_AUTO_VALUE_ON_ZERO' */;
/*!40111 SET @OLD_SQL_NOTES=@@SQL_NOTES, SQL_NOTES=0 */;

--
-- Table structure for table `appointments`
--

DROP TABLE IF EXISTS `appointments`;
/*!40101 SET @saved_cs_client     = @@character_set_client */;
/*!40101 SET character_set_client = utf8 */;
CREATE TABLE `appointments` (
  `id` int NOT NULL AUTO_INCREMENT,
  `user_id` int NOT NULL,
  `slot_id` int NOT NULL,
  `service_id` int NOT NULL,
  `status` varchar(20) NOT NULL,
  PRIMARY KEY (`id`),
  KEY `user_id_index` (`user_id`),
  KEY `fk-service_id` (`service_id`),
  KEY `fk-slot_id` (`slot_id`),
  CONSTRAINT `fk-service_id` FOREIGN KEY (`service_id`) REFERENCES `services` (`id`) ON DELETE CASCADE ON UPDATE CASCADE,
  CONSTRAINT `fk-slot_id` FOREIGN KEY (`slot_id`) REFERENCES `available_slots` (`id`) ON DELETE CASCADE ON UPDATE CASCADE,
  CONSTRAINT `fk_user_id` FOREIGN KEY (`user_id`) REFERENCES `users` (`id`) ON DELETE CASCADE ON UPDATE CASCADE
) ENGINE=InnoDB AUTO_INCREMENT=27 DEFAULT CHARSET=utf8mb4 COLLATE=utf8mb4_0900_ai_ci;
/*!40101 SET character_set_client = @saved_cs_client */;

--
-- Dumping data for table `appointments`
--

LOCK TABLES `appointments` WRITE;
/*!40000 ALTER TABLE `appointments` DISABLE KEYS */;
INSERT INTO `appointments` VALUES (18,3,7,3,'Cancelled'),(19,3,3,3,'Cancelled'),(21,3,8,2,'Confirmed'),(22,4,3,3,'Cancelled'),(23,4,4,2,'Cancelled'),(24,4,175,3,'Cancelled'),(25,4,44,1,'Confirmed'),(26,4,94,2,'Confirmed');
/*!40000 ALTER TABLE `appointments` ENABLE KEYS */;
UNLOCK TABLES;

--
-- Table structure for table `available_slots`
--

DROP TABLE IF EXISTS `available_slots`;
/*!40101 SET @saved_cs_client     = @@character_set_client */;
/*!40101 SET character_set_client = utf8 */;
CREATE TABLE `available_slots` (
  `id` int NOT NULL AUTO_INCREMENT,
  `doctor_id` int NOT NULL,
  `slot_datetime` datetime NOT NULL COMMENT 'Available appointment date/time',
  `is_booked` tinyint(1) NOT NULL COMMENT '0 = available, 1 = booked',
  PRIMARY KEY (`id`),
  KEY `fk_available_slots_doctor` (`doctor_id`),
  CONSTRAINT `fk_available_slots_doctor` FOREIGN KEY (`doctor_id`) REFERENCES `doctors` (`id`) ON DELETE CASCADE ON UPDATE CASCADE
) ENGINE=InnoDB AUTO_INCREMENT=489 DEFAULT CHARSET=utf8mb4 COLLATE=utf8mb4_0900_ai_ci;
/*!40101 SET character_set_client = @saved_cs_client */;

--
-- Dumping data for table `available_slots`
--

LOCK TABLES `available_slots` WRITE;
/*!40000 ALTER TABLE `available_slots` DISABLE KEYS */;
INSERT INTO `available_slots` VALUES (1,1,'2025-02-20 09:00:00',1),(2,1,'2025-02-20 10:00:00',1),(3,2,'2025-02-21 11:00:00',0),(4,3,'2025-02-22 13:00:00',0),(5,1,'2025-02-20 09:00:00',1),(6,1,'2025-02-20 10:00:00',1),(7,2,'2025-02-21 11:00:00',1),(8,3,'2025-02-22 13:00:00',1),(9,1,'2025-02-21 16:00:00',0),(10,1,'2025-02-22 16:00:00',0),(11,1,'2025-02-23 16:00:00',0),(12,1,'2025-02-24 16:00:00',0),(13,1,'2025-02-25 16:00:00',0),(14,1,'2025-02-21 15:00:00',0),(15,1,'2025-02-22 15:00:00',0),(16,1,'2025-02-23 15:00:00',0),(17,1,'2025-02-24 15:00:00',0),(18,1,'2025-02-25 15:00:00',0),(19,1,'2025-02-21 14:00:00',0),(20,1,'2025-02-22 14:00:00',0),(21,1,'2025-02-23 14:00:00',0),(22,1,'2025-02-24 14:00:00',0),(23,1,'2025-02-25 14:00:00',0),(24,1,'2025-02-21 13:00:00',0),(25,1,'2025-02-22 13:00:00',0),(26,1,'2025-02-23 13:00:00',0),(27,1,'2025-02-24 13:00:00',0),(28,1,'2025-02-25 13:00:00',0),(29,1,'2025-02-21 12:00:00',0),(30,1,'2025-02-22 12:00:00',0),(31,1,'2025-02-23 12:00:00',0),(32,1,'2025-02-24 12:00:00',0),(33,1,'2025-02-25 12:00:00',0),(34,1,'2025-02-21 11:00:00',0),(35,1,'2025-02-22 11:00:00',0),(36,1,'2025-02-23 11:00:00',0),(37,1,'2025-02-24 11:00:00',0),(38,1,'2025-02-25 11:00:00',0),(39,1,'2025-02-21 10:00:00',0),(40,1,'2025-02-22 10:00:00',0),(41,1,'2025-02-23 10:00:00',0),(42,1,'2025-02-24 10:00:00',0),(43,1,'2025-02-25 10:00:00',0),(44,1,'2025-02-21 09:00:00',1),(45,1,'2025-02-22 09:00:00',0),(46,1,'2025-02-23 09:00:00',0),(47,1,'2025-02-24 09:00:00',0),(48,1,'2025-02-25 09:00:00',0),(49,2,'2025-02-21 16:00:00',0),(50,2,'2025-02-22 16:00:00',0),(51,2,'2025-02-23 16:00:00',0),(52,2,'2025-02-24 16:00:00',0),(53,2,'2025-02-25 16:00:00',0),(54,2,'2025-02-21 15:00:00',0),(55,2,'2025-02-22 15:00:00',0),(56,2,'2025-02-23 15:00:00',0),(57,2,'2025-02-24 15:00:00',0),(58,2,'2025-02-25 15:00:00',0),(59,2,'2025-02-21 14:00:00',0),(60,2,'2025-02-22 14:00:00',0),(61,2,'2025-02-23 14:00:00',0),(62,2,'2025-02-24 14:00:00',0),(63,2,'2025-02-25 14:00:00',0),(64,2,'2025-02-21 13:00:00',0),(65,2,'2025-02-22 13:00:00',0),(66,2,'2025-02-23 13:00:00',0),(67,2,'2025-02-24 13:00:00',0),(68,2,'2025-02-25 13:00:00',0),(69,2,'2025-02-21 12:00:00',0),(70,2,'2025-02-22 12:00:00',0),(71,2,'2025-02-23 12:00:00',0),(72,2,'2025-02-24 12:00:00',0),(73,2,'2025-02-25 12:00:00',0),(74,2,'2025-02-21 11:00:00',0),(75,2,'2025-02-22 11:00:00',0),(76,2,'2025-02-23 11:00:00',0),(77,2,'2025-02-24 11:00:00',0),(78,2,'2025-02-25 11:00:00',0),(79,2,'2025-02-21 10:00:00',0),(80,2,'2025-02-22 10:00:00',0),(81,2,'2025-02-23 10:00:00',0),(82,2,'2025-02-24 10:00:00',0),(83,2,'2025-02-25 10:00:00',0),(84,2,'2025-02-21 09:00:00',0),(85,2,'2025-02-22 09:00:00',0),(86,2,'2025-02-23 09:00:00',0),(87,2,'2025-02-24 09:00:00',0),(88,2,'2025-02-25 09:00:00',0),(89,3,'2025-02-21 16:00:00',0),(90,3,'2025-02-22 16:00:00',0),(91,3,'2025-02-23 16:00:00',0),(92,3,'2025-02-24 16:00:00',0),(93,3,'2025-02-25 16:00:00',0),(94,3,'2025-02-21 15:00:00',1),(95,3,'2025-02-22 15:00:00',0),(96,3,'2025-02-23 15:00:00',0),(97,3,'2025-02-24 15:00:00',0),(98,3,'2025-02-25 15:00:00',0),(99,3,'2025-02-21 14:00:00',0),(100,3,'2025-02-22 14:00:00',0),(101,3,'2025-02-23 14:00:00',0),(102,3,'2025-02-24 14:00:00',0),(103,3,'2025-02-25 14:00:00',0),(104,3,'2025-02-21 13:00:00',0),(105,3,'2025-02-22 13:00:00',0),(106,3,'2025-02-23 13:00:00',0),(107,3,'2025-02-24 13:00:00',0),(108,3,'2025-02-25 13:00:00',0),(109,3,'2025-02-21 12:00:00',0),(110,3,'2025-02-22 12:00:00',0),(111,3,'2025-02-23 12:00:00',0),(112,3,'2025-02-24 12:00:00',0),(113,3,'2025-02-25 12:00:00',0),(114,3,'2025-02-21 11:00:00',0),(115,3,'2025-02-22 11:00:00',0),(116,3,'2025-02-23 11:00:00',0),(117,3,'2025-02-24 11:00:00',0),(118,3,'2025-02-25 11:00:00',0),(119,3,'2025-02-21 10:00:00',0),(120,3,'2025-02-22 10:00:00',0),(121,3,'2025-02-23 10:00:00',0),(122,3,'2025-02-24 10:00:00',0),(123,3,'2025-02-25 10:00:00',0),(124,3,'2025-02-21 09:00:00',0),(125,3,'2025-02-22 09:00:00',0),(126,3,'2025-02-23 09:00:00',0),(127,3,'2025-02-24 09:00:00',0),(128,3,'2025-02-25 09:00:00',0),(129,4,'2025-02-21 16:00:00',0),(130,4,'2025-02-22 16:00:00',0),(131,4,'2025-02-23 16:00:00',0),(132,4,'2025-02-24 16:00:00',0),(133,4,'2025-02-25 16:00:00',0),(134,4,'2025-02-21 15:00:00',0),(135,4,'2025-02-22 15:00:00',0),(136,4,'2025-02-23 15:00:00',0),(137,4,'2025-02-24 15:00:00',0),(138,4,'2025-02-25 15:00:00',0),(139,4,'2025-02-21 14:00:00',0),(140,4,'2025-02-22 14:00:00',0),(141,4,'2025-02-23 14:00:00',0),(142,4,'2025-02-24 14:00:00',0),(143,4,'2025-02-25 14:00:00',0),(144,4,'2025-02-21 13:00:00',0),(145,4,'2025-02-22 13:00:00',0),(146,4,'2025-02-23 13:00:00',0),(147,4,'2025-02-24 13:00:00',0),(148,4,'2025-02-25 13:00:00',0),(149,4,'2025-02-21 12:00:00',0),(150,4,'2025-02-22 12:00:00',0),(151,4,'2025-02-23 12:00:00',0),(152,4,'2025-02-24 12:00:00',0),(153,4,'2025-02-25 12:00:00',0),(154,4,'2025-02-21 11:00:00',0),(155,4,'2025-02-22 11:00:00',0),(156,4,'2025-02-23 11:00:00',0),(157,4,'2025-02-24 11:00:00',0),(158,4,'2025-02-25 11:00:00',0),(159,4,'2025-02-21 10:00:00',0),(160,4,'2025-02-22 10:00:00',0),(161,4,'2025-02-23 10:00:00',0),(162,4,'2025-02-24 10:00:00',0),(163,4,'2025-02-25 10:00:00',0),(164,4,'2025-02-21 09:00:00',0),(165,4,'2025-02-22 09:00:00',0),(166,4,'2025-02-23 09:00:00',0),(167,4,'2025-02-24 09:00:00',0),(168,4,'2025-02-25 09:00:00',0),(169,5,'2025-02-21 16:00:00',0),(170,5,'2025-02-22 16:00:00',0),(171,5,'2025-02-23 16:00:00',0),(172,5,'2025-02-24 16:00:00',0),(173,5,'2025-02-25 16:00:00',0),(174,5,'2025-02-21 15:00:00',0),(175,5,'2025-02-22 15:00:00',0),(176,5,'2025-02-23 15:00:00',0),(177,5,'2025-02-24 15:00:00',0),(178,5,'2025-02-25 15:00:00',0),(179,5,'2025-02-21 14:00:00',0),(180,5,'2025-02-22 14:00:00',0),(181,5,'2025-02-23 14:00:00',0),(182,5,'2025-02-24 14:00:00',0),(183,5,'2025-02-25 14:00:00',0),(184,5,'2025-02-21 13:00:00',0),(185,5,'2025-02-22 13:00:00',0),(186,5,'2025-02-23 13:00:00',0),(187,5,'2025-02-24 13:00:00',0),(188,5,'2025-02-25 13:00:00',0),(189,5,'2025-02-21 12:00:00',0),(190,5,'2025-02-22 12:00:00',0),(191,5,'2025-02-23 12:00:00',0),(192,5,'2025-02-24 12:00:00',0),(193,5,'2025-02-25 12:00:00',0),(194,5,'2025-02-21 11:00:00',0),(195,5,'2025-02-22 11:00:00',0),(196,5,'2025-02-23 11:00:00',0),(197,5,'2025-02-24 11:00:00',0),(198,5,'2025-02-25 11:00:00',0),(199,5,'2025-02-21 10:00:00',0),(200,5,'2025-02-22 10:00:00',0),(201,5,'2025-02-23 10:00:00',0),(202,5,'2025-02-24 10:00:00',0),(203,5,'2025-02-25 10:00:00',0),(204,5,'2025-02-21 09:00:00',0),(205,5,'2025-02-22 09:00:00',0),(206,5,'2025-02-23 09:00:00',0),(207,5,'2025-02-24 09:00:00',0),(208,5,'2025-02-25 09:00:00',0),(209,6,'2025-02-21 16:00:00',0),(210,6,'2025-02-22 16:00:00',0),(211,6,'2025-02-23 16:00:00',0),(212,6,'2025-02-24 16:00:00',0),(213,6,'2025-02-25 16:00:00',0),(214,6,'2025-02-21 15:00:00',0),(215,6,'2025-02-22 15:00:00',0),(216,6,'2025-02-23 15:00:00',0),(217,6,'2025-02-24 15:00:00',0),(218,6,'2025-02-25 15:00:00',0),(219,6,'2025-02-21 14:00:00',0),(220,6,'2025-02-22 14:00:00',0),(221,6,'2025-02-23 14:00:00',0),(222,6,'2025-02-24 14:00:00',0),(223,6,'2025-02-25 14:00:00',0),(224,6,'2025-02-21 13:00:00',0),(225,6,'2025-02-22 13:00:00',0),(226,6,'2025-02-23 13:00:00',0),(227,6,'2025-02-24 13:00:00',0),(228,6,'2025-02-25 13:00:00',0),(229,6,'2025-02-21 12:00:00',0),(230,6,'2025-02-22 12:00:00',0),(231,6,'2025-02-23 12:00:00',0),(232,6,'2025-02-24 12:00:00',0),(233,6,'2025-02-25 12:00:00',0),(234,6,'2025-02-21 11:00:00',0),(235,6,'2025-02-22 11:00:00',0),(236,6,'2025-02-23 11:00:00',0),(237,6,'2025-02-24 11:00:00',0),(238,6,'2025-02-25 11:00:00',0),(239,6,'2025-02-21 10:00:00',0),(240,6,'2025-02-22 10:00:00',0),(241,6,'2025-02-23 10:00:00',0),(242,6,'2025-02-24 10:00:00',0),(243,6,'2025-02-25 10:00:00',0),(244,6,'2025-02-21 09:00:00',0),(245,6,'2025-02-22 09:00:00',0),(246,6,'2025-02-23 09:00:00',0),(247,6,'2025-02-24 09:00:00',0),(248,6,'2025-02-25 09:00:00',0),(249,7,'2025-02-21 16:00:00',0),(250,7,'2025-02-22 16:00:00',0),(251,7,'2025-02-23 16:00:00',0),(252,7,'2025-02-24 16:00:00',0),(253,7,'2025-02-25 16:00:00',0),(254,7,'2025-02-21 15:00:00',0),(255,7,'2025-02-22 15:00:00',0),(256,7,'2025-02-23 15:00:00',0),(257,7,'2025-02-24 15:00:00',0),(258,7,'2025-02-25 15:00:00',0),(259,7,'2025-02-21 14:00:00',0),(260,7,'2025-02-22 14:00:00',0),(261,7,'2025-02-23 14:00:00',0),(262,7,'2025-02-24 14:00:00',0),(263,7,'2025-02-25 14:00:00',0),(264,7,'2025-02-21 13:00:00',0),(265,7,'2025-02-22 13:00:00',0),(266,7,'2025-02-23 13:00:00',0),(267,7,'2025-02-24 13:00:00',0),(268,7,'2025-02-25 13:00:00',0),(269,7,'2025-02-21 12:00:00',0),(270,7,'2025-02-22 12:00:00',0),(271,7,'2025-02-23 12:00:00',0),(272,7,'2025-02-24 12:00:00',0),(273,7,'2025-02-25 12:00:00',0),(274,7,'2025-02-21 11:00:00',0),(275,7,'2025-02-22 11:00:00',0),(276,7,'2025-02-23 11:00:00',0),(277,7,'2025-02-24 11:00:00',0),(278,7,'2025-02-25 11:00:00',0),(279,7,'2025-02-21 10:00:00',0),(280,7,'2025-02-22 10:00:00',0),(281,7,'2025-02-23 10:00:00',0),(282,7,'2025-02-24 10:00:00',0),(283,7,'2025-02-25 10:00:00',0),(284,7,'2025-02-21 09:00:00',0),(285,7,'2025-02-22 09:00:00',0),(286,7,'2025-02-23 09:00:00',0),(287,7,'2025-02-24 09:00:00',0),(288,7,'2025-02-25 09:00:00',0),(289,8,'2025-02-21 16:00:00',0),(290,8,'2025-02-22 16:00:00',0),(291,8,'2025-02-23 16:00:00',0),(292,8,'2025-02-24 16:00:00',0),(293,8,'2025-02-25 16:00:00',0),(294,8,'2025-02-21 15:00:00',0),(295,8,'2025-02-22 15:00:00',0),(296,8,'2025-02-23 15:00:00',0),(297,8,'2025-02-24 15:00:00',0),(298,8,'2025-02-25 15:00:00',0),(299,8,'2025-02-21 14:00:00',0),(300,8,'2025-02-22 14:00:00',0),(301,8,'2025-02-23 14:00:00',0),(302,8,'2025-02-24 14:00:00',0),(303,8,'2025-02-25 14:00:00',0),(304,8,'2025-02-21 13:00:00',0),(305,8,'2025-02-22 13:00:00',0),(306,8,'2025-02-23 13:00:00',0),(307,8,'2025-02-24 13:00:00',0),(308,8,'2025-02-25 13:00:00',0),(309,8,'2025-02-21 12:00:00',0),(310,8,'2025-02-22 12:00:00',0),(311,8,'2025-02-23 12:00:00',0),(312,8,'2025-02-24 12:00:00',0),(313,8,'2025-02-25 12:00:00',0),(314,8,'2025-02-21 11:00:00',0),(315,8,'2025-02-22 11:00:00',0),(316,8,'2025-02-23 11:00:00',0),(317,8,'2025-02-24 11:00:00',0),(318,8,'2025-02-25 11:00:00',0),(319,8,'2025-02-21 10:00:00',0),(320,8,'2025-02-22 10:00:00',0),(321,8,'2025-02-23 10:00:00',0),(322,8,'2025-02-24 10:00:00',0),(323,8,'2025-02-25 10:00:00',0),(324,8,'2025-02-21 09:00:00',0),(325,8,'2025-02-22 09:00:00',0),(326,8,'2025-02-23 09:00:00',0),(327,8,'2025-02-24 09:00:00',0),(328,8,'2025-02-25 09:00:00',0),(329,9,'2025-02-21 16:00:00',0),(330,9,'2025-02-22 16:00:00',0),(331,9,'2025-02-23 16:00:00',0),(332,9,'2025-02-24 16:00:00',0),(333,9,'2025-02-25 16:00:00',0),(334,9,'2025-02-21 15:00:00',0),(335,9,'2025-02-22 15:00:00',0),(336,9,'2025-02-23 15:00:00',0),(337,9,'2025-02-24 15:00:00',0),(338,9,'2025-02-25 15:00:00',0),(339,9,'2025-02-21 14:00:00',0),(340,9,'2025-02-22 14:00:00',0),(341,9,'2025-02-23 14:00:00',0),(342,9,'2025-02-24 14:00:00',0),(343,9,'2025-02-25 14:00:00',0),(344,9,'2025-02-21 13:00:00',0),(345,9,'2025-02-22 13:00:00',0),(346,9,'2025-02-23 13:00:00',0),(347,9,'2025-02-24 13:00:00',0),(348,9,'2025-02-25 13:00:00',0),(349,9,'2025-02-21 12:00:00',0),(350,9,'2025-02-22 12:00:00',0),(351,9,'2025-02-23 12:00:00',0),(352,9,'2025-02-24 12:00:00',0),(353,9,'2025-02-25 12:00:00',0),(354,9,'2025-02-21 11:00:00',0),(355,9,'2025-02-22 11:00:00',0),(356,9,'2025-02-23 11:00:00',0),(357,9,'2025-02-24 11:00:00',0),(358,9,'2025-02-25 11:00:00',0),(359,9,'2025-02-21 10:00:00',0),(360,9,'2025-02-22 10:00:00',0),(361,9,'2025-02-23 10:00:00',0),(362,9,'2025-02-24 10:00:00',0),(363,9,'2025-02-25 10:00:00',0),(364,9,'2025-02-21 09:00:00',0),(365,9,'2025-02-22 09:00:00',0),(366,9,'2025-02-23 09:00:00',0),(367,9,'2025-02-24 09:00:00',0),(368,9,'2025-02-25 09:00:00',0),(369,10,'2025-02-21 16:00:00',0),(370,10,'2025-02-22 16:00:00',0),(371,10,'2025-02-23 16:00:00',0),(372,10,'2025-02-24 16:00:00',0),(373,10,'2025-02-25 16:00:00',0),(374,10,'2025-02-21 15:00:00',0),(375,10,'2025-02-22 15:00:00',0),(376,10,'2025-02-23 15:00:00',0),(377,10,'2025-02-24 15:00:00',0),(378,10,'2025-02-25 15:00:00',0),(379,10,'2025-02-21 14:00:00',0),(380,10,'2025-02-22 14:00:00',0),(381,10,'2025-02-23 14:00:00',0),(382,10,'2025-02-24 14:00:00',0),(383,10,'2025-02-25 14:00:00',0),(384,10,'2025-02-21 13:00:00',0),(385,10,'2025-02-22 13:00:00',0),(386,10,'2025-02-23 13:00:00',0),(387,10,'2025-02-24 13:00:00',0),(388,10,'2025-02-25 13:00:00',0),(389,10,'2025-02-21 12:00:00',0),(390,10,'2025-02-22 12:00:00',0),(391,10,'2025-02-23 12:00:00',0),(392,10,'2025-02-24 12:00:00',0),(393,10,'2025-02-25 12:00:00',0),(394,10,'2025-02-21 11:00:00',0),(395,10,'2025-02-22 11:00:00',0),(396,10,'2025-02-23 11:00:00',0),(397,10,'2025-02-24 11:00:00',0),(398,10,'2025-02-25 11:00:00',0),(399,10,'2025-02-21 10:00:00',0),(400,10,'2025-02-22 10:00:00',0),(401,10,'2025-02-23 10:00:00',0),(402,10,'2025-02-24 10:00:00',0),(403,10,'2025-02-25 10:00:00',0),(404,10,'2025-02-21 09:00:00',0),(405,10,'2025-02-22 09:00:00',0),(406,10,'2025-02-23 09:00:00',0),(407,10,'2025-02-24 09:00:00',0),(408,10,'2025-02-25 09:00:00',0),(409,11,'2025-02-21 16:00:00',0),(410,11,'2025-02-22 16:00:00',0),(411,11,'2025-02-23 16:00:00',0),(412,11,'2025-02-24 16:00:00',0),(413,11,'2025-02-25 16:00:00',0),(414,11,'2025-02-21 15:00:00',0),(415,11,'2025-02-22 15:00:00',0),(416,11,'2025-02-23 15:00:00',0),(417,11,'2025-02-24 15:00:00',0),(418,11,'2025-02-25 15:00:00',0),(419,11,'2025-02-21 14:00:00',0),(420,11,'2025-02-22 14:00:00',0),(421,11,'2025-02-23 14:00:00',0),(422,11,'2025-02-24 14:00:00',0),(423,11,'2025-02-25 14:00:00',0),(424,11,'2025-02-21 13:00:00',0),(425,11,'2025-02-22 13:00:00',0),(426,11,'2025-02-23 13:00:00',0),(427,11,'2025-02-24 13:00:00',0),(428,11,'2025-02-25 13:00:00',0),(429,11,'2025-02-21 12:00:00',0),(430,11,'2025-02-22 12:00:00',0),(431,11,'2025-02-23 12:00:00',0),(432,11,'2025-02-24 12:00:00',0),(433,11,'2025-02-25 12:00:00',0),(434,11,'2025-02-21 11:00:00',0),(435,11,'2025-02-22 11:00:00',0),(436,11,'2025-02-23 11:00:00',0),(437,11,'2025-02-24 11:00:00',0),(438,11,'2025-02-25 11:00:00',0),(439,11,'2025-02-21 10:00:00',0),(440,11,'2025-02-22 10:00:00',0),(441,11,'2025-02-23 10:00:00',0),(442,11,'2025-02-24 10:00:00',0),(443,11,'2025-02-25 10:00:00',0),(444,11,'2025-02-21 09:00:00',0),(445,11,'2025-02-22 09:00:00',0),(446,11,'2025-02-23 09:00:00',0),(447,11,'2025-02-24 09:00:00',0),(448,11,'2025-02-25 09:00:00',0),(449,12,'2025-02-21 16:00:00',0),(450,12,'2025-02-22 16:00:00',0),(451,12,'2025-02-23 16:00:00',0),(452,12,'2025-02-24 16:00:00',0),(453,12,'2025-02-25 16:00:00',0),(454,12,'2025-02-21 15:00:00',0),(455,12,'2025-02-22 15:00:00',0),(456,12,'2025-02-23 15:00:00',0),(457,12,'2025-02-24 15:00:00',0),(458,12,'2025-02-25 15:00:00',0),(459,12,'2025-02-21 14:00:00',0),(460,12,'2025-02-22 14:00:00',0),(461,12,'2025-02-23 14:00:00',0),(462,12,'2025-02-24 14:00:00',0),(463,12,'2025-02-25 14:00:00',0),(464,12,'2025-02-21 13:00:00',0),(465,12,'2025-02-22 13:00:00',0),(466,12,'2025-02-23 13:00:00',0),(467,12,'2025-02-24 13:00:00',0),(468,12,'2025-02-25 13:00:00',0),(469,12,'2025-02-21 12:00:00',0),(470,12,'2025-02-22 12:00:00',0),(471,12,'2025-02-23 12:00:00',0),(472,12,'2025-02-24 12:00:00',0),(473,12,'2025-02-25 12:00:00',0),(474,12,'2025-02-21 11:00:00',0),(475,12,'2025-02-22 11:00:00',0),(476,12,'2025-02-23 11:00:00',0),(477,12,'2025-02-24 11:00:00',0),(478,12,'2025-02-25 11:00:00',0),(479,12,'2025-02-21 10:00:00',0),(480,12,'2025-02-22 10:00:00',0),(481,12,'2025-02-23 10:00:00',0),(482,12,'2025-02-24 10:00:00',0),(483,12,'2025-02-25 10:00:00',0),(484,12,'2025-02-21 09:00:00',0),(485,12,'2025-02-22 09:00:00',0),(486,12,'2025-02-23 09:00:00',0),(487,12,'2025-02-24 09:00:00',0),(488,12,'2025-02-25 09:00:00',0);
/*!40000 ALTER TABLE `available_slots` ENABLE KEYS */;
UNLOCK TABLES;

--
-- Table structure for table `doctor_services`
--

DROP TABLE IF EXISTS `doctor_services`;
/*!40101 SET @saved_cs_client     = @@character_set_client */;
/*!40101 SET character_set_client = utf8 */;
CREATE TABLE `doctor_services` (
  `id` int NOT NULL AUTO_INCREMENT,
  `doctor_id` int NOT NULL,
  `service_id` int NOT NULL,
  PRIMARY KEY (`id`),
  KEY `fk_doctor_services_doctor` (`doctor_id`),
  KEY `fk_doctor_services_service` (`service_id`),
  CONSTRAINT `fk_doctor_services_doctor` FOREIGN KEY (`doctor_id`) REFERENCES `doctors` (`id`) ON DELETE CASCADE ON UPDATE CASCADE,
  CONSTRAINT `fk_doctor_services_service` FOREIGN KEY (`service_id`) REFERENCES `services` (`id`) ON DELETE CASCADE ON UPDATE CASCADE
) ENGINE=InnoDB AUTO_INCREMENT=78 DEFAULT CHARSET=utf8mb4 COLLATE=utf8mb4_0900_ai_ci;
/*!40101 SET character_set_client = @saved_cs_client */;

--
-- Dumping data for table `doctor_services`
--

LOCK TABLES `doctor_services` WRITE;
/*!40000 ALTER TABLE `doctor_services` DISABLE KEYS */;
INSERT INTO `doctor_services` VALUES (1,1,1),(2,1,2),(3,2,3),(66,3,2),(67,3,7),(68,4,1),(69,4,7),(70,5,3),(71,6,9),(72,7,8),(73,8,7),(74,9,3),(75,10,1),(76,11,8),(77,12,9);
/*!40000 ALTER TABLE `doctor_services` ENABLE KEYS */;
UNLOCK TABLES;

--
-- Table structure for table `doctors`
--

DROP TABLE IF EXISTS `doctors`;
/*!40101 SET @saved_cs_client     = @@character_set_client */;
/*!40101 SET character_set_client = utf8 */;
CREATE TABLE `doctors` (
  `id` int NOT NULL AUTO_INCREMENT,
  `name` varchar(100) NOT NULL COMMENT 'Doctor’s full name',
  `specialization` varchar(100) NOT NULL COMMENT 'Doctor’s specialization',
  PRIMARY KEY (`id`)
) ENGINE=InnoDB AUTO_INCREMENT=13 DEFAULT CHARSET=utf8mb4 COLLATE=utf8mb4_0900_ai_ci;
/*!40101 SET character_set_client = @saved_cs_client */;

--
-- Dumping data for table `doctors`
--

LOCK TABLES `doctors` WRITE;
/*!40000 ALTER TABLE `doctors` DISABLE KEYS */;
INSERT INTO `doctors` VALUES (1,'Dr. Dave Smith','Dentist'),(2,'Dr. Thomas Johnson','Orthodontist'),(3,'Dr. Peter Lee','Endodontist'),(4,'Dr. John Smith','General Dentistry'),(5,'Dr. Emily Brown','Endodontics'),(6,'Dr. Sarah Lee','Orthodontics'),(7,'Dr. Olivia Martinez','Periodontist'),(8,'Dr. William Thompson','Prosthodontist'),(9,'Dr. Ava Hernandez','Oral Surgeon'),(10,'Dr. James Wilson','Pediatric Dentist'),(11,'Dr. Sophia Davis','Cosmetic Dentistry'),(12,'Dr. Michael Garcia','Oral Pathologist');
/*!40000 ALTER TABLE `doctors` ENABLE KEYS */;
UNLOCK TABLES;

--
-- Table structure for table `services`
--

DROP TABLE IF EXISTS `services`;
/*!40101 SET @saved_cs_client     = @@character_set_client */;
/*!40101 SET character_set_client = utf8 */;
CREATE TABLE `services` (
  `id` int NOT NULL AUTO_INCREMENT,
  `name` varchar(100) NOT NULL,
  `duration` int NOT NULL,
  `slots` int NOT NULL,
  PRIMARY KEY (`id`)
) ENGINE=InnoDB AUTO_INCREMENT=10 DEFAULT CHARSET=utf8mb4 COLLATE=utf8mb4_0900_ai_ci;
/*!40101 SET character_set_client = @saved_cs_client */;

--
-- Dumping data for table `services`
--

LOCK TABLES `services` WRITE;
/*!40000 ALTER TABLE `services` DISABLE KEYS */;
INSERT INTO `services` VALUES (1,'Teeth Cleaning',30,10),(2,'Cavity Filling',45,8),(3,'Root Canal',90,5),(7,'Tooth Extraction',40,4),(8,'Whitening',30,5),(9,'Braces Consultation',45,3);
/*!40000 ALTER TABLE `services` ENABLE KEYS */;
UNLOCK TABLES;

--
-- Table structure for table `users`
--

DROP TABLE IF EXISTS `users`;
/*!40101 SET @saved_cs_client     = @@character_set_client */;
/*!40101 SET character_set_client = utf8 */;
CREATE TABLE `users` (
  `id` int NOT NULL AUTO_INCREMENT,
  `username` varchar(50) NOT NULL,
  `email` varchar(100) NOT NULL,
  `password` varchar(255) NOT NULL,
  PRIMARY KEY (`id`),
  UNIQUE KEY `unique_email` (`email`)
) ENGINE=InnoDB AUTO_INCREMENT=6 DEFAULT CHARSET=utf8mb4 COLLATE=utf8mb4_0900_ai_ci;
/*!40101 SET character_set_client = @saved_cs_client */;

--
-- Dumping data for table `users`
--

LOCK TABLES `users` WRITE;
/*!40000 ALTER TABLE `users` DISABLE KEYS */;
INSERT INTO `users` VALUES (1,'Roozbeh','Roozbeh.k571@gamil.com','$2y$12$Xc2oSsbzJc9h5oYQOGDp9.QhOnC9RP2nKEqgHAOesCl6v81O1ax/6'),(2,'test','test@gmail.com','$2y$12$SKQf/R2dM8JO.2XkCVhgueCP6ZFiZtHyZF.f3NdqSPPmIBdeAOzia'),(3,'johndoe','john@example.com','$2y$12$ozOUnn6Xv5eOdPWK.cw5JO.xHpR4ukbWKwDbAMRvaL5lpllNKZiQG'),(4,'janedoe','jane@example.com','$2y$12$5Ff.mpZSvbPCG1tJd3EQjuQmIFRTVWprM8u9SnwbTB5seusZlXGCS'),(5,'newuser','newuser@example.com','$2y$12$1JhgoXfCORjdPPG9pHgsMO4LjW2Dcp1MI/8a1atL0ekuG9I9wNrm.');
/*!40000 ALTER TABLE `users` ENABLE KEYS */;
UNLOCK TABLES;
/*!40103 SET TIME_ZONE=@OLD_TIME_ZONE */;

/*!40101 SET SQL_MODE=@OLD_SQL_MODE */;
/*!40014 SET FOREIGN_KEY_CHECKS=@OLD_FOREIGN_KEY_CHECKS */;
/*!40014 SET UNIQUE_CHECKS=@OLD_UNIQUE_CHECKS */;
/*!40101 SET CHARACTER_SET_CLIENT=@OLD_CHARACTER_SET_CLIENT */;
/*!40101 SET CHARACTER_SET_RESULTS=@OLD_CHARACTER_SET_RESULTS */;
/*!40101 SET COLLATION_CONNECTION=@OLD_COLLATION_CONNECTION */;
/*!40111 SET SQL_NOTES=@OLD_SQL_NOTES */;

-- Dump completed on 2025-04-03  3:17:40
